time,pm10,pm2_5,carbon_monoxide,nitrogen_dioxide,sulphur_dioxide,ozone,temperature_2m,relative_humidity_2m,wind_speed_10m,pressure_msl,precipitation,cloudcover,day_of_week,month
2025-10-12 01:00:00,146.11,64.93,439.62,8.38,1.66,56.44,16.7,71.0,4.7,1011.8,0.0,0.0,Sunday,October
2025-10-12 02:00:00,150.89,66.15,418.94,6.97,1.58,56.77,16.8,69.0,3.6,1011.4,0.0,0.0,Sunday,October
2025-10-12 03:00:00,154.54,66.65,395.09,5.74,1.56,57.81,16.7,68.0,3.1,1011.0,0.0,0.0,Sunday,October
2025-10-12 04:00:00,160.29,67.55,374.03,4.79,1.67,60.08,16.4,69.0,2.1,1010.9,0.0,0.0,Sunday,October
2025-10-12 05:00:00,167.94,69.02,356.78,4.15,1.98,63.61,16.7,68.0,2.0,1010.9,0.0,0.0,Sunday,October
2025-10-12 06:00:00,176.24,70.43,346.07,4.06,2.57,67.07,16.5,70.0,1.3,1011.3,0.0,0.0,Sunday,October
2025-10-12 07:00:00,183.95,72.15,363.81,5.69,3.4,68.5,16.6,74.0,2.6,1012.0,0.0,0.0,Sunday,October
2025-10-12 08:00:00,193.42,74.85,412.33,8.82,4.43,70.3,18.7,68.0,2.3,1012.7,0.0,0.0,Sunday,October
2025-10-12 09:00:00,185.34,72.34,447.88,9.92,4.93,83.32,21.3,63.0,0.6,1013.3,0.0,0.0,Sunday,October
2025-10-12 10:00:00,174.18,68.64,458.67,9.04,4.35,89.69,23.6,58.0,2.2,1013.1,0.0,0.0,Sunday,October
2025-10-12 11:00:00,170.05,67.77,436.57,6.93,3.89,101.37,25.7,53.0,3.6,1012.8,0.0,0.0,Sunday,October
2025-10-12 12:00:00,133.68,52.97,265.07,1.27,4.66,136.5,27.1,46.0,5.9,1012.1,0.0,0.0,Sunday,October
2025-10-12 13:00:00,107.68,44.72,245.69,0.82,3.71,139.57,28.0,40.0,6.9,1011.3,0.0,0.0,Sunday,October
2025-10-12 14:00:00,101.73,42.85,239.39,0.83,3.42,139.73,28.4,36.0,7.1,1010.5,0.0,0.0,Sunday,October
2025-10-12 15:00:00,104.45,44.79,255.43,1.79,3.35,134.31,28.4,37.0,5.5,1010.2,0.0,0.0,Sunday,October
2025-10-12 16:00:00,111.73,48.63,288.63,3.76,3.31,122.98,27.8,47.0,2.8,1010.0,0.0,0.0,Sunday,October
2025-10-12 17:00:00,121.88,52.85,328.38,6.72,3.26,110.45,26.2,57.0,1.1,1010.0,0.0,0.0,Sunday,October
2025-10-12 18:00:00,130.92,56.99,380.1,10.15,3.09,94.5,23.4,62.0,2.4,1010.7,0.0,0.0,Sunday,October
2025-10-12 19:00:00,139.98,61.61,435.39,12.49,2.82,79.57,21.8,67.0,6.0,1011.1,0.0,0.0,Sunday,October
2025-10-12 20:00:00,150.24,66.37,472.83,13.21,2.56,69.5,20.6,71.0,6.4,1011.6,0.0,0.0,Sunday,October
2025-10-12 21:00:00,158.7,69.98,490.48,12.81,2.26,61.71,19.1,75.0,6.0,1012.1,0.0,0.0,Sunday,October
2025-10-12 22:00:00,168.25,73.57,503.92,12.19,2.02,56.54,18.4,75.0,1.4,1012.2,0.0,0.0,Sunday,October
2025-10-12 23:00:00,176.97,76.28,508.8,11.56,1.8,52.67,17.9,80.0,1.7,1012.6,0.0,0.0,Sunday,October
2025-10-13 00:00:00,183.64,77.59,491.34,10.3,1.57,50.46,18.3,78.0,1.5,1012.4,0.0,0.0,Monday,October
2025-10-13 01:00:00,191.35,79.1,469.44,8.84,1.45,49.56,17.5,77.0,3.1,1012.5,0.0,0.0,Monday,October
2025-10-13 02:00:00,197.94,80.33,449.56,7.45,1.45,49.76,17.2,73.0,2.5,1011.9,0.0,0.0,Monday,October
2025-10-13 03:00:00,202.03,81.03,427.52,6.28,1.57,51.45,17.0,71.0,2.0,1011.5,0.0,0.0,Monday,October
2025-10-13 04:00:00,206.5,82.01,410.58,5.48,1.78,53.8,16.8,71.0,1.3,1011.3,0.0,0.0,Monday,October
2025-10-13 05:00:00,210.36,83.23,401.95,5.17,1.97,55.04,16.4,68.0,4.5,1011.5,0.0,0.0,Monday,October
2025-10-13 06:00:00,212.43,84.47,404.08,5.52,2.15,54.01,16.3,68.0,2.3,1011.8,0.0,0.0,Monday,October
2025-10-13 07:00:00,216.36,86.04,442.98,7.86,2.54,50.7,16.5,72.0,2.8,1012.6,0.0,0.0,Monday,October
2025-10-13 08:00:00,221.5,88.22,522.73,11.67,3.15,47.69,18.7,66.0,2.7,1013.2,0.0,0.0,Monday,October
2025-10-13 09:00:00,228.88,89.94,575.68,12.04,3.99,57.02,21.4,62.0,0.6,1013.7,0.0,0.0,Monday,October
2025-10-13 10:00:00,229.81,90.37,575.21,10.36,3.96,68.04,23.8,56.0,2.3,1013.6,0.0,0.0,Monday,October
2025-10-13 11:00:00,232.25,94.14,540.55,7.99,4.14,90.79,26.0,51.0,3.1,1013.6,0.0,0.0,Monday,October
2025-10-13 12:00:00,184.2,71.87,267.54,1.34,6.69,138.35,27.5,45.0,5.5,1012.9,0.0,0.0,Monday,October
2025-10-13 13:00:00,155.57,62.82,238.87,0.81,5.62,139.94,28.3,40.0,6.2,1012.1,0.0,0.0,Monday,October
2025-10-13 14:00:00,152.16,62.14,235.89,0.85,5.43,139.48,28.7,38.0,5.5,1011.2,0.0,0.0,Monday,October
2025-10-13 15:00:00,154.9,64.41,251.84,1.77,5.42,136.15,28.7,39.0,4.7,1010.7,0.0,0.0,Monday,October
2025-10-13 16:00:00,158.33,67.18,284.06,3.63,5.32,127.9,28.3,45.0,2.2,1010.4,0.0,0.0,Monday,October
2025-10-13 17:00:00,161.57,69.37,323.28,6.33,5.19,118.76,26.1,60.0,1.9,1010.6,0.0,0.0,Monday,October
2025-10-13 18:00:00,162.11,71.19,383.4,9.9,4.8,104.55,23.5,64.0,3.9,1011.2,0.0,0.0,Monday,October
2025-10-13 19:00:00,162.55,73.42,451.59,12.59,4.22,90.27,22.3,62.0,9.4,1011.8,0.0,0.0,Monday,October
2025-10-13 20:00:00,163.29,75.26,499.15,13.38,3.68,80.77,20.4,70.0,6.2,1012.3,0.0,0.0,Monday,October
2025-10-13 21:00:00,160.96,75.46,530.15,13.26,3.14,72.62,19.3,72.0,3.8,1013.1,0.0,0.0,Monday,October
2025-10-13 22:00:00,161.21,76.46,565.62,13.51,2.82,66.02,19.0,72.0,7.8,1013.2,0.0,0.0,Monday,October
2025-10-13 23:00:00,161.94,77.31,596.72,13.97,2.66,61.24,18.8,74.0,6.3,1013.2,0.0,0.0,Monday,October
2025-10-14 00:00:00,161.1,77.15,604.37,13.73,2.57,58.74,18.6,76.0,5.7,1013.0,0.0,0.0,Tuesday,October
2025-10-14 01:00:00,161.33,77.77,606.79,12.88,2.53,57.18,18.2,77.0,4.8,1012.9,0.0,0.0,Tuesday,October
2025-10-14 02:00:00,163.02,79.65,613.01,12.05,2.52,55.76,18.1,77.0,4.0,1012.2,0.0,0.0,Tuesday,October
2025-10-14 03:00:00,164.41,80.96,613.37,11.28,2.55,54.79,17.7,79.0,4.4,1011.7,0.0,0.0,Tuesday,October
2025-10-14 04:00:00,166.43,82.46,615.12,10.66,2.61,54.63,17.4,80.0,3.9,1011.1,0.0,0.0,Tuesday,October
2025-10-14 05:00:00,168.95,84.32,627.28,10.52,2.65,53.72,18.6,74.0,0.2,1011.4,0.0,0.0,Tuesday,October
2025-10-14 06:00:00,170.6,85.45,647.71,11.09,2.67,51.05,18.3,76.0,0.5,1011.5,0.0,0.0,Tuesday,October
2025-10-14 07:00:00,174.4,86.68,702.29,13.91,2.89,46.68,18.3,81.0,1.1,1011.8,0.0,0.0,Tuesday,October
2025-10-14 08:00:00,180.8,88.95,790.62,18.0,3.36,44.39,20.1,75.0,1.9,1012.3,0.0,0.0,Tuesday,October
2025-10-14 09:00:00,190.2,90.96,824.52,17.98,4.35,62.79,22.4,68.0,1.1,1012.5,0.0,0.0,Tuesday,October
2025-10-14 10:00:00,194.29,93.34,812.53,16.06,4.44,80.3,24.4,63.0,3.1,1012.2,0.0,0.0,Tuesday,October
2025-10-14 11:00:00,198.43,97.97,762.44,11.58,4.15,107.85,26.5,56.0,4.3,1011.6,0.0,0.0,Tuesday,October
2025-10-14 12:00:00,162.35,69.02,313.55,1.65,5.64,140.27,27.6,51.0,5.8,1010.8,0.0,0.0,Tuesday,October
2025-10-14 13:00:00,144.0,62.43,259.94,0.87,5.02,140.27,28.3,47.0,7.0,1010.0,0.0,0.0,Tuesday,October
2025-10-14 14:00:00,140.46,61.63,254.73,0.87,4.72,140.12,28.7,46.0,5.9,1009.0,0.0,0.0,Tuesday,October
2025-10-14 15:00:00,140.6,63.16,272.71,1.71,4.56,138.26,28.8,46.0,3.9,1008.7,0.0,0.0,Tuesday,October
2025-10-14 16:00:00,140.43,65.14,309.05,3.58,4.34,132.38,28.3,53.0,3.2,1008.6,0.0,0.0,Tuesday,October
2025-10-14 17:00:00,140.14,66.73,354.28,6.39,4.23,125.47,26.3,66.0,4.1,1008.8,0.0,0.0,Tuesday,October
2025-10-14 18:00:00,138.8,68.5,423.07,10.34,4.13,112.6,24.3,67.0,7.4,1009.3,0.0,0.0,Tuesday,October
2025-10-14 19:00:00,139.54,71.33,506.21,13.98,4.02,98.05,22.7,70.0,8.0,1010.2,0.0,0.0,Tuesday,October
2025-10-14 20:00:00,142.13,74.19,575.66,15.96,4.1,88.64,21.6,74.0,7.6,1011.0,0.0,0.0,Tuesday,October
2025-10-14 21:00:00,142.37,76.07,635.24,17.29,4.12,79.38,20.6,79.0,4.0,1011.9,0.0,0.0,Tuesday,October
2025-10-14 22:00:00,145.24,80.18,708.09,19.03,4.02,69.64,20.1,79.0,4.1,1012.2,0.0,0.0,Tuesday,October
2025-10-14 23:00:00,149.05,84.54,776.48,20.93,3.95,60.88,20.3,81.0,6.9,1012.4,0.0,0.0,Tuesday,October
2025-10-15 00:00:00,149.67,86.96,817.62,21.92,3.93,54.63,19.8,84.0,5.9,1012.3,0.0,0.0,Wednesday,October
2025-10-15 01:00:00,151.45,90.27,849.24,21.75,4.04,51.43,19.2,87.0,4.6,1012.5,0.0,0.0,Wednesday,October
2025-10-15 02:00:00,153.81,94.07,872.27,20.77,4.18,49.55,18.9,87.0,3.2,1012.0,0.0,0.0,Wednesday,October
2025-10-15 03:00:00,155.66,97.33,882.75,19.48,4.32,48.41,18.5,87.0,4.0,1011.8,0.0,0.0,Wednesday,October
2025-10-15 04:00:00,157.77,100.52,891.73,18.34,4.49,47.7,18.1,88.0,4.4,1011.4,0.0,0.0,Wednesday,October
2025-10-15 05:00:00,159.78,103.4,902.8,17.71,4.61,46.47,18.3,83.0,1.3,1011.6,0.0,0.0,Wednesday,October
2025-10-15 06:00:00,160.9,105.16,918.61,17.67,4.5,42.82,18.4,83.0,1.4,1012.0,0.0,0.0,Wednesday,October
2025-10-15 07:00:00,163.93,106.9,962.68,19.7,4.35,36.17,18.8,83.0,3.1,1012.6,0.0,0.0,Wednesday,October
2025-10-15 08:00:00,168.06,108.67,1041.27,21.58,4.36,33.12,20.8,78.0,3.4,1013.1,0.0,0.0,Wednesday,October
2025-10-15 09:00:00,167.24,106.19,1038.6,18.18,5.08,53.68,23.3,69.0,0.4,1013.4,0.0,0.0,Wednesday,October
2025-10-15 10:00:00,164.6,104.37,1006.91,15.44,4.87,73.54,25.5,60.0,4.7,1013.2,0.0,0.0,Wednesday,October
2025-10-15 11:00:00,164.99,106.14,955.71,12.24,5.0,107.81,27.0,53.0,6.2,1012.8,0.0,0.0,Wednesday,October
2025-10-15 12:00:00,121.59,64.46,383.39,2.23,9.54,162.12,27.9,47.0,7.5,1012.3,0.0,0.0,Wednesday,October
2025-10-15 13:00:00,113.32,58.59,301.24,1.25,8.05,161.63,28.5,42.0,7.6,1011.6,0.0,0.0,Wednesday,October
2025-10-15 14:00:00,110.09,56.99,287.15,1.22,7.44,160.85,28.8,38.0,6.8,1010.7,0.0,0.0,Wednesday,October
2025-10-15 15:00:00,110.38,58.0,306.8,2.62,7.04,155.06,28.9,38.0,5.3,1010.5,0.0,0.0,Wednesday,October
2025-10-15 16:00:00,112.9,60.02,357.52,5.77,6.58,143.23,28.4,46.0,2.7,1010.3,0.0,0.0,Wednesday,October
2025-10-15 17:00:00,115.6,61.57,419.18,10.19,6.2,130.65,26.7,57.0,0.4,1010.4,0.0,0.0,Wednesday,October
2025-10-15 18:00:00,117.72,63.41,497.93,14.82,5.73,113.25,24.2,61.0,0.3,1011.0,0.0,0.0,Wednesday,October
2025-10-15 19:00:00,121.95,66.32,577.51,18.25,5.28,96.9,22.4,69.0,3.2,1011.4,0.0,0.0,Wednesday,October
2025-10-15 20:00:00,127.65,69.3,635.83,19.57,5.02,86.07,21.4,72.0,3.1,1011.7,0.0,0.0,Wednesday,October
2025-10-15 21:00:00,132.78,71.96,667.96,19.46,5.07,79.25,20.5,75.0,2.0,1012.3,0.0,0.0,Wednesday,October
2025-10-15 22:00:00,140.66,76.56,696.26,19.24,5.54,77.07,19.6,79.0,2.3,1012.4,0.0,0.0,Wednesday,October
2025-10-15 23:00:00,147.29,80.29,710.19,18.87,6.03,77.75,19.4,80.0,0.6,1012.6,0.0,0.0,Wednesday,October
2025-10-16 00:00:00,151.04,82.7,693.91,17.26,6.36,81.1,19.1,82.0,0.5,1012.4,0.0,0.0,Thursday,October
2025-10-16 01:00:00,154.77,85.01,663.49,14.55,6.47,84.16,18.3,84.0,2.3,1012.4,0.0,0.0,Thursday,October
2025-10-16 02:00:00,157.89,86.73,629.88,11.69,6.23,84.86,17.8,86.0,4.1,1011.7,0.0,0.0,Thursday,October
2025-10-16 03:00:00,158.44,86.36,591.14,9.25,5.29,81.37,17.3,86.0,2.3,1011.5,0.0,0.0,Thursday,October
2025-10-16 04:00:00,158.74,85.56,560.37,7.57,4.27,77.14,17.2,85.0,0.4,1011.3,0.0,0.0,Thursday,October
2025-10-16 05:00:00,158.7,84.57,537.1,6.64,3.44,73.04,17.5,79.0,3.1,1011.4,0.0,0.0,Thursday,October
2025-10-16 06:00:00,157.98,83.3,525.31,6.55,2.93,68.18,17.3,80.0,1.7,1011.6,0.0,0.0,Thursday,October
2025-10-16 07:00:00,160.95,83.31,554.19,8.76,3.04,61.98,17.6,81.0,1.6,1012.2,0.0,0.0,Thursday,October
2025-10-16 08:00:00,167.05,84.59,627.07,13.22,3.61,56.75,19.6,76.0,1.9,1012.7,0.0,0.0,Thursday,October
2025-10-16 09:00:00,175.14,86.04,690.13,14.4,4.42,63.51,22.5,68.0,1.9,1013.1,0.0,0.0,Thursday,October
2025-10-16 10:00:00,176.41,85.33,717.82,13.27,4.25,71.1,25.1,60.0,4.9,1012.8,0.0,0.0,Thursday,October
2025-10-16 11:00:00,176.74,83.92,705.88,11.76,4.27,90.13,27.3,51.0,8.7,1012.2,0.0,0.0,Thursday,October
2025-10-16 12:00:00,148.74,62.99,281.41,1.66,6.84,148.01,28.0,46.0,9.9,1011.7,0.0,0.0,Thursday,October
2025-10-16 13:00:00,126.21,54.72,232.44,0.9,5.57,145.87,28.4,44.0,10.4,1011.0,0.0,0.0,Thursday,October
2025-10-16 14:00:00,121.21,52.81,223.37,0.86,5.09,144.03,28.6,43.0,9.1,1010.1,0.0,0.0,Thursday,October
2025-10-16 15:00:00,123.68,54.33,238.98,1.85,4.93,139.35,28.6,44.0,6.9,1010.2,0.0,0.0,Thursday,October
2025-10-16 16:00:00,128.8,57.13,274.44,3.92,4.73,130.07,28.0,50.0,3.7,1010.0,0.0,0.0,Thursday,October
2025-10-16 17:00:00,133.92,59.29,316.13,6.8,4.48,120.17,26.4,62.0,1.8,1010.2,0.0,0.0,Thursday,October
2025-10-16 18:00:00,136.47,61.21,386.55,10.99,4.02,103.36,24.1,67.0,2.0,1010.8,0.0,0.0,Thursday,October
2025-10-16 19:00:00,140.03,64.06,470.66,14.7,3.52,85.88,22.4,74.0,3.9,1011.4,0.0,0.0,Thursday,October
2025-10-16 20:00:00,145.69,67.09,527.69,15.87,3.12,74.48,21.4,77.0,5.0,1012.0,0.0,0.0,Thursday,October
2025-10-16 21:00:00,149.89,68.91,556.84,15.49,2.76,66.32,20.6,77.0,5.9,1012.8,0.0,0.0,Thursday,October
2025-10-16 22:00:00,155.67,71.01,576.36,14.74,2.47,60.72,19.9,78.0,3.9,1013.2,0.0,0.0,Thursday,October
2025-10-16 23:00:00,161.47,72.47,581.47,13.87,2.22,56.35,19.2,84.0,2.8,1013.3,0.0,0.0,Thursday,October
2025-10-17 00:00:00,165.01,72.4,551.93,12.11,1.96,54.43,19.4,82.0,4.8,1013.3,0.0,0.0,Friday,October
2025-10-17 01:00:00,168.97,72.46,512.54,9.94,1.84,55.29,19.2,78.0,5.5,1012.9,0.0,0.0,Friday,October
2025-10-17 02:00:00,172.76,72.99,480.71,8.12,1.84,57.11,19.1,76.0,3.3,1012.8,0.0,0.0,Friday,October
2025-10-17 03:00:00,176.18,74.12,453.43,6.82,1.94,59.46,18.8,75.0,2.5,1012.8,0.0,0.0,Friday,October
2025-10-17 04:00:00,179.72,75.54,435.55,6.0,2.16,62.27,18.2,78.0,2.6,1012.5,0.0,0.0,Friday,October
2025-10-17 05:00:00,182.81,77.23,427.01,5.71,2.4,64.42,18.1,79.0,1.8,1012.7,0.0,0.0,Friday,October
2025-10-17 06:00:00,184.53,78.4,431.23,6.22,2.69,65.25,18.1,80.0,1.5,1013.3,0.0,0.0,Friday,October
2025-10-17 07:00:00,187.97,80.22,478.07,9.27,3.19,63.86,18.4,81.0,1.2,1013.8,0.0,0.0,Friday,October
2025-10-17 08:00:00,192.74,82.71,573.7,15.22,3.87,60.76,20.4,76.0,1.1,1014.5,0.0,0.0,Friday,October
2025-10-17 09:00:00,198.9,84.59,632.34,17.41,4.96,71.75,23.1,67.0,0.4,1014.9,0.0,0.0,Friday,October
2025-10-17 10:00:00,201.76,86.17,633.97,15.92,5.25,83.72,25.4,59.0,1.7,1014.8,0.0,0.0,Friday,October
2025-10-17 11:00:00,205.34,89.16,603.76,12.53,5.05,102.22,27.3,52.0,3.1,1014.6,0.0,0.0,Friday,October
2025-10-17 12:00:00,164.2,69.3,281.69,2.03,8.1,146.09,28.6,44.0,4.4,1013.7,0.0,0.0,Friday,October
2025-10-17 13:00:00,140.15,62.22,240.45,1.02,7.41,147.53,29.3,40.0,5.2,1012.9,0.0,0.0,Friday,October
2025-10-17 14:00:00,131.14,59.62,233.44,0.96,6.92,146.77,29.6,38.0,4.7,1012.0,0.0,0.0,Friday,October
2025-10-17 15:00:00,130.24,60.91,259.4,2.56,6.66,139.83,29.5,39.0,3.6,1011.9,0.0,0.0,Friday,October
2025-10-17 16:00:00,133.84,63.75,318.75,6.22,6.34,125.09,28.8,45.0,2.1,1011.6,0.0,0.0,Friday,October
2025-10-17 17:00:00,138.07,66.0,391.12,11.33,5.97,110.3,27.3,59.0,0.4,1011.6,0.0,1.0,Friday,October
2025-10-17 18:00:00,141.37,68.03,476.97,16.53,5.39,93.99,24.8,64.0,1.4,1012.1,0.0,0.0,Friday,October
2025-10-17 19:00:00,145.79,70.8,553.38,19.37,4.83,80.25,22.9,72.0,3.8,1012.4,0.0,0.0,Friday,October
2025-10-17 20:00:00,151.29,73.84,600.25,19.61,4.47,71.24,21.6,77.0,4.3,1012.9,0.0,0.0,Friday,October
2025-10-17 21:00:00,154.73,75.58,622.35,18.51,4.09,64.04,21.0,78.0,1.9,1013.1,0.0,0.0,Friday,October
2025-10-17 22:00:00,159.13,77.81,640.74,17.34,3.45,57.86,20.4,78.0,0.6,1013.5,0.0,0.0,Friday,October
2025-10-17 23:00:00,162.74,79.61,647.83,16.26,2.77,52.53,20.1,83.0,1.1,1013.8,0.0,0.0,Friday,October
2025-10-18 00:00:00,163.59,79.87,620.07,14.28,2.19,49.0,19.7,84.0,2.3,1013.5,0.0,0.0,Saturday,October
2025-10-18 01:00:00,165.3,80.28,580.12,11.56,1.87,48.04,19.0,85.0,2.3,1013.4,0.0,0.0,Saturday,October
2025-10-18 02:00:00,167.86,80.74,544.22,9.22,1.78,48.99,18.5,84.0,2.6,1012.8,0.0,0.0,Saturday,October
2025-10-18 03:00:00,170.15,81.09,507.31,7.45,1.97,51.94,17.8,84.0,4.0,1012.4,0.0,0.0,Saturday,October
2025-10-18 04:00:00,174.21,82.59,478.46,6.32,2.4,56.43,17.5,82.0,2.2,1012.5,0.0,0.0,Saturday,October
2025-10-18 05:00:00,177.52,83.9,461.03,5.82,2.79,60.33,17.7,82.0,1.1,1013.0,0.0,0.0,Saturday,October
2025-10-18 06:00:00,179.24,84.78,457.82,6.02,3.14,62.48,17.6,82.0,0.7,1013.4,0.0,0.0,Saturday,October
2025-10-18 07:00:00,181.94,86.1,488.92,8.16,3.59,61.45,17.7,83.0,1.8,1013.8,0.0,0.0,Saturday,October
2025-10-18 08:00:00,185.29,87.98,558.75,12.42,4.26,58.49,19.6,77.0,3.2,1014.4,0.0,0.0,Saturday,October
2025-10-18 09:00:00,189.88,89.4,611.57,13.94,5.52,66.9,22.5,64.0,1.3,1014.7,0.0,0.0,Saturday,October
2025-10-18 10:00:00,192.48,91.3,638.6,13.51,5.61,74.72,24.9,57.0,1.7,1014.5,0.0,0.0,Saturday,October
2025-10-18 11:00:00,196.97,94.85,644.47,12.08,5.38,89.48,27.1,52.0,3.4,1014.3,0.0,0.0,Saturday,October
2025-10-18 12:00:00,162.2,73.7,292.64,1.64,9.39,147.0,28.6,45.0,5.6,1013.4,0.0,0.0,Saturday,October
2025-10-18 13:00:00,137.28,65.43,253.21,0.84,7.88,149.15,29.5,40.0,5.7,1012.2,0.0,0.0,Saturday,October
2025-10-18 14:00:00,126.31,61.39,244.12,0.8,6.96,148.68,29.8,39.0,5.4,1011.2,0.0,0.0,Saturday,October
2025-10-18 15:00:00,123.58,61.26,258.9,1.75,6.36,143.46,29.7,40.0,4.2,1011.0,0.0,0.0,Saturday,October
2025-10-18 16:00:00,126.61,63.43,293.02,3.76,5.83,132.9,29.0,46.0,2.3,1010.6,0.0,9.0,Saturday,October
2025-10-18 17:00:00,132.04,65.96,336.69,6.57,5.39,122.75,27.3,60.0,0.4,1010.6,0.0,16.0,Saturday,October
2025-10-18 18:00:00,136.73,68.74,394.75,9.83,4.7,107.5,24.8,66.0,2.1,1011.0,0.0,47.0,Saturday,October
2025-10-18 19:00:00,142.31,72.37,457.64,12.26,3.94,92.3,22.7,71.0,5.1,1011.4,0.0,21.0,Saturday,October
2025-10-18 20:00:00,149.26,76.28,504.25,12.96,3.35,81.45,21.5,75.0,4.9,1011.6,0.0,45.0,Saturday,October
2025-10-18 21:00:00,154.56,78.99,528.74,12.47,2.85,73.31,21.3,72.0,1.5,1012.0,0.0,27.0,Saturday,October
2025-10-18 22:00:00,160.51,81.79,546.0,11.75,2.48,67.93,20.4,72.0,1.5,1012.4,0.0,10.0,Saturday,October
2025-10-18 23:00:00,165.43,83.91,550.22,10.94,2.21,64.31,21.2,73.0,0.7,1012.6,0.0,25.0,Saturday,October
2025-10-19 00:00:00,168.13,84.74,529.19,9.59,2.03,63.28,20.5,73.0,5.9,1012.5,0.0,16.0,Sunday,October
2025-10-19 01:00:00,172.15,85.92,503.23,7.92,1.95,64.72,19.5,77.0,5.6,1012.5,0.0,9.0,Sunday,October
2025-10-19 02:00:00,175.45,86.74,480.01,6.46,1.9,67.27,19.1,78.0,4.0,1012.1,0.0,46.0,Sunday,October
2025-10-19 03:00:00,178.99,88.24,458.32,5.41,2.01,71.77,18.8,78.0,2.5,1012.1,0.0,26.0,Sunday,October
2025-10-19 04:00:00,183.2,91.23,443.68,4.79,2.3,78.32,18.2,80.0,2.8,1011.9,0.0,85.0,Sunday,October
2025-10-19 05:00:00,186.62,94.25,441.48,4.65,2.56,83.17,18.9,76.0,0.3,1012.3,0.0,84.0,Sunday,October
2025-10-19 06:00:00,188.08,96.04,451.67,5.11,2.72,84.16,18.5,78.0,0.6,1012.6,0.0,81.0,Sunday,October
2025-10-19 07:00:00,190.0,97.35,488.41,7.3,2.85,80.69,18.5,81.0,2.2,1013.1,0.0,84.0,Sunday,October
2025-10-19 08:00:00,192.51,98.5,556.25,11.52,3.08,75.96,20.5,74.0,3.1,1013.9,0.0,87.0,Sunday,October
2025-10-19 09:00:00,195.59,99.08,586.24,11.95,3.4,84.52,23.3,65.0,1.3,1014.4,0.0,80.0,Sunday,October
2025-10-19 10:00:00,193.63,97.38,578.84,9.73,2.94,90.29,25.7,58.0,3.1,1014.2,0.0,63.0,Sunday,October
2025-10-19 11:00:00,191.0,96.0,547.94,7.15,2.79,107.04,27.9,47.0,5.8,1013.8,0.0,21.0,Sunday,October
2025-10-19 12:00:00,111.29,60.51,272.07,1.19,3.32,143.53,29.1,40.0,7.8,1013.3,0.0,0.0,Sunday,October
2025-10-19 13:00:00,70.86,40.76,204.99,0.69,2.44,139.29,29.6,37.0,7.9,1012.3,0.0,0.0,Sunday,October
2025-10-19 14:00:00,58.98,34.43,187.11,0.68,2.09,136.66,29.9,35.0,7.2,1011.3,0.0,0.0,Sunday,October
2025-10-19 15:00:00,57.23,33.74,200.62,1.65,2.02,130.92,29.8,34.0,6.5,1010.6,0.0,0.0,Sunday,October
2025-10-19 16:00:00,59.86,35.36,237.11,3.72,2.03,120.0,28.7,42.0,4.7,1010.1,0.0,0.0,Sunday,October
2025-10-19 17:00:00,62.9,36.79,281.34,6.77,2.02,108.18,26.4,60.0,4.0,1010.2,0.0,0.0,Sunday,October
2025-10-19 18:00:00,65.81,38.24,338.15,10.21,1.95,93.22,24.5,63.0,5.5,1010.6,0.0,2.0,Sunday,October
2025-10-19 19:00:00,70.28,40.43,398.3,12.84,1.87,79.15,22.7,71.0,5.5,1011.1,0.0,5.0,Sunday,October
2025-10-19 20:00:00,76.06,42.87,439.93,13.6,1.81,69.79,21.5,73.0,5.4,1011.1,0.0,1.0,Sunday,October
2025-10-19 21:00:00,80.95,44.4,458.09,13.12,1.74,63.02,21.0,71.0,2.1,1011.4,0.0,0.0,Sunday,October
2025-10-19 22:00:00,86.08,46.03,468.68,12.35,1.62,58.29,20.1,73.0,1.3,1012.0,0.0,0.0,Sunday,October
2025-10-19 23:00:00,90.46,47.38,468.63,11.52,1.48,55.01,19.2,77.0,1.1,1011.7,0.0,2.0,Sunday,October
2025-10-20 00:00:00,93.01,47.91,446.58,10.1,1.33,54.36,18.8,78.0,1.2,1011.7,0.0,2.0,Monday,October
2025-10-20 01:00:00,96.4,48.73,422.16,8.56,1.34,56.41,18.1,78.0,4.1,1011.6,0.0,2.0,Monday,October
2025-10-20 02:00:00,99.83,49.85,402.88,7.25,1.44,59.14,18.1,75.0,2.6,1011.4,0.0,1.0,Monday,October
2025-10-20 03:00:00,103.29,51.67,386.75,6.31,1.62,62.62,17.8,73.0,1.8,1011.3,0.0,0.0,Monday,October
2025-10-20 04:00:00,107.01,53.81,379.68,5.75,1.83,66.13,17.2,75.0,1.6,1010.9,0.0,0.0,Monday,October
2025-10-20 05:00:00,110.39,55.77,381.61,5.64,2.01,68.38,17.4,75.0,0.5,1011.7,0.0,0.0,Monday,October
2025-10-20 06:00:00,112.97,57.19,392.21,6.16,2.18,68.34,17.0,77.0,1.7,1012.3,0.0,0.0,Monday,October
2025-10-20 07:00:00,117.1,59.24,438.53,8.81,2.52,65.47,17.3,77.0,2.0,1012.7,0.0,0.0,Monday,October
2025-10-20 08:00:00,122.46,61.97,522.97,13.69,3.04,60.98,19.2,71.0,3.7,1013.5,0.0,0.0,Monday,October
2025-10-20 09:00:00,126.92,64.06,592.2,14.74,3.4,64.42,22.0,58.0,2.0,1014.3,0.0,0.0,Monday,October
2025-10-20 10:00:00,128.13,64.97,634.09,13.32,2.91,65.51,24.6,51.0,1.3,1014.2,0.0,0.0,Monday,October
2025-10-20 11:00:00,128.43,66.2,643.32,12.08,2.69,78.89,26.5,48.0,1.9,1014.0,0.0,0.0,Monday,October
2025-10-20 12:00:00,82.39,47.5,241.24,1.64,6.0,143.78,28.0,45.0,4.1,1013.4,0.0,0.0,Monday,October
2025-10-20 13:00:00,62.37,39.14,193.66,0.84,5.09,143.03,28.9,41.0,5.6,1012.5,0.0,2.0,Monday,October
2025-10-20 14:00:00,57.21,36.46,183.9,0.82,4.5,140.97,29.2,36.0,5.7,1011.6,0.0,16.0,Monday,October
2025-10-20 15:00:00,58.56,37.37,212.67,2.52,4.23,132.19,29.2,32.0,5.4,1011.4,0.0,22.0,Monday,October
2025-10-20 16:00:00,63.2,39.87,275.55,6.14,4.0,116.5,28.1,42.0,4.6,1011.3,0.0,13.0,Monday,October
2025-10-20 17:00:00,68.15,42.2,350.55,11.25,3.75,101.18,26.7,48.0,0.9,1011.1,0.0,13.0,Monday,October
2025-10-20 18:00:00,72.81,44.32,433.56,16.07,3.53,85.33,24.1,55.0,3.7,1011.8,0.0,11.0,Monday,October
2025-10-20 19:00:00,78.31,46.82,504.16,19.02,3.45,73.24,22.6,62.0,5.4,1012.4,0.0,5.0,Monday,October
2025-10-20 20:00:00,84.01,49.09,547.12,19.67,3.48,65.84,21.4,65.0,5.0,1012.8,0.0,3.0,Monday,October
2025-10-20 21:00:00,88.48,50.56,561.7,18.92,3.62,61.84,20.5,68.0,2.0,1013.3,0.0,2.0,Monday,October
2025-10-20 22:00:00,93.56,52.38,571.04,17.96,3.93,61.7,19.1,71.0,3.0,1013.6,0.0,1.0,Monday,October
2025-10-20 23:00:00,97.88,54.43,567.32,16.84,4.22,63.85,19.0,75.0,1.0,1013.6,0.0,0.0,Monday,October
2025-10-21 00:00:00,99.23,55.19,534.52,14.76,4.35,68.19,18.6,76.0,5.0,1013.6,0.0,0.0,Tuesday,October
2025-10-21 01:00:00,101.06,56.45,503.35,12.43,4.43,73.62,17.3,81.0,4.0,1013.6,0.0,0.0,Tuesday,October
2025-10-21 02:00:00,103.13,58.07,483.53,10.62,4.45,77.27,17.2,79.0,4.0,1013.6,0.0,0.0,Tuesday,October
2025-10-21 03:00:00,103.63,58.59,467.9,9.21,4.24,77.0,17.1,77.0,2.6,1013.6,0.0,0.0,Tuesday,October
2025-10-21 04:00:00,104.16,59.24,453.68,8.11,3.93,75.33,16.6,77.0,2.8,1013.7,0.0,0.0,Tuesday,October
2025-10-21 05:00:00,104.35,59.75,443.94,7.45,3.52,72.24,16.9,77.0,0.9,1013.9,0.0,1.0,Tuesday,October
2025-10-21 06:00:00,103.62,59.58,442.06,7.47,2.99,67.06,17.1,75.0,1.0,1014.3,0.0,0.0,Tuesday,October
2025-10-21 07:00:00,104.41,59.76,474.83,9.62,2.76,59.04,17.3,76.0,0.4,1015.1,0.0,0.0,Tuesday,October
2025-10-21 08:00:00,106.62,60.46,549.63,13.56,2.77,50.51,19.0,73.0,0.8,1015.9,0.0,0.0,Tuesday,October
2025-10-21 09:00:00,108.05,60.33,619.74,13.93,2.85,51.0,21.9,63.0,1.6,1016.5,0.0,0.0,Tuesday,October
2025-10-21 10:00:00,107.29,59.12,669.1,13.43,2.72,53.33,24.3,55.0,3.7,1016.2,0.0,0.0,Tuesday,October
2025-10-21 11:00:00,109.16,60.89,686.65,13.17,2.72,65.81,26.5,48.0,4.8,1015.8,0.0,0.0,Tuesday,October
2025-10-21 12:00:00,76.66,43.67,245.8,2.11,5.37,137.44,27.8,41.0,7.1,1015.3,0.0,2.0,Tuesday,October
2025-10-21 13:00:00,64.37,39.45,206.32,1.1,4.58,141.04,28.3,35.0,7.0,1014.5,0.0,40.0,Tuesday,October
2025-10-21 14:00:00,60.28,37.8,198.71,1.05,4.19,140.85,28.2,31.0,5.0,1013.6,0.0,20.0,Tuesday,October
2025-10-21 15:00:00,60.25,38.16,216.51,2.25,4.06,135.48,28.2,30.0,4.2,1013.3,0.0,8.0,Tuesday,October
2025-10-21 16:00:00,61.99,39.48,256.3,4.74,3.94,124.47,27.4,40.0,3.1,1013.1,0.0,22.0,Tuesday,October
2025-10-21 17:00:00,63.86,40.68,304.46,8.12,3.78,112.39,25.3,48.0,4.8,1013.1,0.0,0.0,Tuesday,October
2025-10-21 18:00:00,65.95,41.84,372.09,12.1,3.53,96.39,23.3,51.0,7.4,1013.8,0.0,0.0,Tuesday,October
2025-10-21 19:00:00,69.93,43.92,446.05,15.52,3.28,80.39,22.3,54.0,8.7,1014.0,0.0,0.0,Tuesday,October
2025-10-21 20:00:00,74.69,46.08,497.28,16.71,3.04,69.81,21.3,58.0,6.5,1014.1,0.0,0.0,Tuesday,October
2025-10-21 21:00:00,79.22,47.94,524.26,16.47,2.76,62.05,20.1,63.0,5.1,1014.4,0.0,0.0,Tuesday,October
2025-10-21 22:00:00,84.36,50.21,547.53,15.89,2.49,56.37,18.8,68.0,4.5,1014.7,0.0,0.0,Tuesday,October
2025-10-21 23:00:00,88.32,52.04,559.48,15.23,2.24,51.92,18.1,74.0,4.8,1014.5,0.0,0.0,Tuesday,October
2025-10-22 00:00:00,89.4,52.42,544.39,13.77,1.98,49.21,17.6,75.0,4.0,1014.5,0.0,0.0,Wednesday,October
2025-10-22 01:00:00,90.49,52.64,520.56,11.87,1.83,48.17,17.1,76.0,2.9,1014.6,0.0,0.0,Wednesday,October
2025-10-22 02:00:00,91.54,53.0,496.65,10.17,1.81,48.32,16.8,75.0,3.6,1014.6,0.0,0.0,Wednesday,October
2025-10-22 03:00:00,91.32,53.03,469.66,8.91,1.99,50.84,17.0,71.0,1.3,1014.8,0.0,0.0,Wednesday,October
2025-10-22 04:00:00,91.09,53.24,451.12,8.05,2.26,55.74,16.7,71.0,1.1,1014.8,0.0,0.0,Wednesday,October
2025-10-22 05:00:00,90.81,53.5,441.3,7.68,2.53,60.8,17.1,63.0,3.0,1014.6,0.0,5.0,Wednesday,October
2025-10-22 06:00:00,91.13,53.88,444.66,8.12,2.82,64.9,16.7,65.0,1.0,1015.1,0.0,0.0,Wednesday,October
2025-10-22 07:00:00,93.93,55.05,484.89,11.0,3.22,63.69,16.9,67.0,0.4,1015.7,0.0,0.0,Wednesday,October
2025-10-22 08:00:00,98.75,56.98,567.52,16.2,3.74,59.28,18.6,63.0,1.0,1016.7,0.0,0.0,Wednesday,October
2025-10-22 09:00:00,103.76,58.78,650.29,16.59,3.71,56.52,21.1,56.0,0.9,1017.2,0.0,0.0,Wednesday,October
2025-10-22 10:00:00,106.27,59.33,698.04,15.07,3.41,58.58,23.5,49.0,1.8,1017.0,0.0,0.0,Wednesday,October
2025-10-22 11:00:00,108.67,60.08,709.14,14.38,3.31,71.18,26.1,43.0,4.4,1016.3,0.0,0.0,Wednesday,October
2025-10-22 12:00:00,83.19,45.25,285.2,2.71,5.25,137.27,27.8,38.0,5.8,1015.3,0.0,2.0,Wednesday,October
2025-10-22 13:00:00,69.83,40.07,236.42,1.3,4.24,144.27,28.6,34.0,6.2,1014.2,0.0,2.0,Wednesday,October
2025-10-22 14:00:00,64.13,37.41,223.33,1.18,3.72,144.69,28.8,32.0,6.1,1013.2,0.0,5.0,Wednesday,October
2025-10-22 15:00:00,62.97,37.09,232.9,2.08,3.52,141.02,28.4,32.0,6.7,1012.6,0.0,3.0,Wednesday,October
2025-10-22 16:00:00,63.67,37.77,259.77,3.95,3.37,131.76,27.0,39.0,7.7,1012.4,0.0,5.0,Wednesday,October
2025-10-22 17:00:00,64.83,38.35,292.55,6.56,3.21,121.59,24.8,46.0,7.6,1012.0,0.0,2.0,Wednesday,October
2025-10-22 18:00:00,66.66,39.45,365.02,11.23,3.0,102.93,23.2,52.0,7.2,1012.4,0.0,4.0,Wednesday,October
2025-10-22 19:00:00,71.44,41.8,460.33,16.44,2.99,84.78,21.8,58.0,6.3,1012.7,0.0,1.0,Wednesday,October
2025-10-22 20:00:00,77.53,44.46,531.88,19.43,3.21,74.02,20.1,66.0,5.1,1012.9,0.0,0.0,Wednesday,October
2025-10-22 21:00:00,83.45,47.19,579.98,20.99,3.53,67.97,18.9,69.0,4.5,1013.1,0.0,0.0,Wednesday,October
2025-10-22 22:00:00,90.64,51.22,614.41,21.09,3.78,64.83,17.9,70.0,2.8,1013.3,0.0,0.0,Wednesday,October
2025-10-22 23:00:00,96.13,54.53,628.93,20.06,3.87,62.93,18.0,64.0,6.5,1013.2,0.0,0.0,Wednesday,October
2025-10-23 00:00:00,97.45,55.55,602.62,17.44,3.7,62.0,18.4,59.0,1.8,1013.3,0.0,0.0,Thursday,October
2025-10-23 01:00:00,98.29,56.04,569.37,14.5,3.53,62.72,17.9,59.0,1.2,1013.6,0.0,0.0,Thursday,October
2025-10-23 02:00:00,98.91,56.53,537.12,12.0,3.45,64.55,17.5,61.0,0.3,1013.3,0.0,0.0,Thursday,October
2025-10-23 03:00:00,98.54,56.56,509.47,10.09,3.41,67.29,17.1,62.0,0.8,1013.3,0.0,0.0,Thursday,October
2025-10-23 04:00:00,98.94,57.05,495.1,9.09,3.41,69.69,16.1,65.0,3.3,1013.2,0.0,0.0,Thursday,October
2025-10-23 05:00:00,100.98,58.79,501.61,9.15,3.43,69.62,16.8,63.0,1.7,1013.2,0.0,0.0,Thursday,October
2025-10-23 06:00:00,104.01,61.01,525.84,10.26,3.44,65.83,15.5,69.0,4.1,1013.8,0.0,0.0,Thursday,October
2025-10-23 07:00:00,109.23,63.92,585.16,13.51,3.59,58.78,15.6,70.0,1.8,1014.2,0.0,0.0,Thursday,October
2025-10-23 08:00:00,115.36,66.96,675.07,17.59,3.75,51.13,17.9,62.0,2.9,1014.9,0.0,0.0,Thursday,October
2025-10-23 09:00:00,118.04,68.3,724.11,15.51,3.2,52.32,21.1,54.0,2.4,1015.2,0.0,0.0,Thursday,October
2025-10-23 10:00:00,119.23,70.05,754.36,13.67,2.8,59.21,23.9,43.0,2.1,1015.2,0.0,0.0,Thursday,October
2025-10-23 11:00:00,124.13,75.02,772.21,12.37,2.7,79.8,26.1,39.0,3.8,1014.8,0.0,0.0,Thursday,October
2025-10-23 12:00:00,107.1,59.98,471.5,4.71,6.16,141.41,27.7,35.0,5.7,1014.0,0.0,0.0,Thursday,October
2025-10-23 13:00:00,102.76,58.94,408.74,2.93,6.25,156.78,28.7,31.0,7.4,1012.9,0.0,0.0,Thursday,October
2025-10-23 14:00:00,101.73,59.24,382.07,2.57,5.97,162.58,28.9,28.0,6.9,1012.1,0.0,0.0,Thursday,October
2025-10-23 15:00:00,101.25,59.46,385.16,4.15,5.5,154.83,28.7,29.0,6.2,1011.6,0.0,0.0,Thursday,October
2025-10-23 16:00:00,103.94,61.52,441.18,8.1,4.75,136.72,27.4,42.0,4.6,1011.6,0.0,0.0,Thursday,October
2025-10-23 17:00:00,106.38,62.43,508.91,13.72,4.21,119.0,25.3,46.0,6.0,1011.3,0.0,0.0,Thursday,October
2025-10-23 18:00:00,109.39,63.42,591.76,19.48,4.27,104.98,22.9,60.0,4.8,1012.0,0.0,0.0,Thursday,October
2025-10-23 19:00:00,114.04,65.68,669.75,23.89,4.73,96.93,21.9,62.0,1.5,1012.3,0.0,2.0,Thursday,October
2025-10-23 20:00:00,121.86,70.83,726.31,25.57,5.12,91.46,20.4,67.0,2.2,1012.6,0.0,0.0,Thursday,October
2025-10-23 21:00:00,129.03,75.82,760.98,25.33,5.4,86.55,19.2,72.0,3.0,1012.9,0.0,0.0,Thursday,October
2025-10-23 22:00:00,136.48,80.63,787.27,24.27,5.65,83.61,18.1,72.0,4.8,1013.2,0.0,0.0,Thursday,October
2025-10-23 23:00:00,140.35,82.68,785.69,22.6,5.74,82.15,18.1,66.0,3.4,1013.4,0.0,0.0,Thursday,October
2025-10-24 00:00:00,139.21,81.17,740.1,19.51,5.56,81.89,17.5,68.0,1.5,1013.6,0.0,0.0,Friday,October
2025-10-24 01:00:00,138.8,79.83,688.48,16.03,5.29,82.78,17.2,69.0,1.0,1013.5,0.0,0.0,Friday,October
2025-10-24 02:00:00,139.34,79.33,650.63,13.23,5.05,83.22,16.3,69.0,3.7,1013.3,0.0,0.0,Friday,October
2025-10-24 03:00:00,140.0,78.97,622.38,11.33,4.87,83.34,15.9,67.0,2.7,1013.1,0.0,0.0,Friday,October
2025-10-24 04:00:00,143.8,81.38,618.34,10.42,4.94,84.24,15.6,65.0,2.3,1013.2,0.0,0.0,Friday,October
2025-10-24 05:00:00,147.64,81.65,633.48,10.6,4.07,73.34,16.0,67.0,0.6,1013.3,0.0,0.0,Friday,October
2025-10-24 06:00:00,152.78,85.79,658.17,11.13,3.95,68.04,15.5,69.0,2.3,1014.0,0.0,0.0,Friday,October
2025-10-24 07:00:00,159.28,89.98,720.65,14.09,3.99,60.96,15.8,68.0,3.1,1014.4,0.0,0.0,Friday,October
2025-10-24 08:00:00,165.91,93.65,818.45,18.86,4.06,53.64,18.0,58.0,5.9,1015.1,0.0,0.0,Friday,October
2025-10-24 09:00:00,169.18,95.32,880.11,17.98,3.59,55.09,21.0,49.0,3.4,1015.5,0.0,0.0,Friday,October
2025-10-24 10:00:00,170.06,97.33,901.94,15.91,3.25,66.11,23.9,40.0,2.1,1015.4,0.0,0.0,Friday,October
2025-10-24 11:00:00,172.93,101.72,905.19,14.05,3.29,89.94,25.9,36.0,1.3,1015.0,0.0,0.0,Friday,October
2025-10-24 12:00:00,137.09,71.54,452.02,3.31,6.68,149.96,27.5,34.0,1.5,1014.3,0.0,0.0,Friday,October
2025-10-24 13:00:00,121.48,62.87,363.42,1.9,6.28,156.77,28.3,33.0,3.3,1013.2,0.0,0.0,Friday,October
2025-10-24 14:00:00,116.65,61.39,343.94,1.79,5.93,158.26,28.6,32.0,3.8,1012.3,0.0,0.0,Friday,October
2025-10-24 15:00:00,117.87,63.89,381.1,4.1,5.51,150.27,28.5,33.0,3.9,1011.7,0.0,1.0,Friday,October
2025-10-24 16:00:00,121.8,67.68,460.69,8.94,4.89,133.0,27.5,41.0,3.4,1011.3,0.0,1.0,Friday,October
2025-10-24 17:00:00,124.73,70.0,553.47,15.55,4.42,116.02,25.3,56.0,2.8,1011.1,0.0,0.0,Friday,October
2025-10-24 18:00:00,127.37,72.02,660.12,21.99,4.2,99.95,22.8,60.0,4.9,1011.7,0.0,0.0,Friday,October
2025-10-24 19:00:00,131.87,75.14,761.74,26.96,4.03,85.79,21.4,65.0,4.4,1012.2,0.0,0.0,Friday,October
2025-10-24 20:00:00,138.45,79.93,836.9,29.21,3.86,74.67,20.0,69.0,4.2,1012.4,0.0,0.0,Friday,October
2025-10-24 21:00:00,144.01,84.52,881.5,29.53,3.95,67.48,19.2,69.0,5.9,1012.5,0.0,0.0,Friday,October
2025-10-24 22:00:00,150.76,89.5,917.56,29.22,4.27,65.33,18.1,70.0,5.3,1012.6,0.0,0.0,Friday,October
2025-10-24 23:00:00,156.07,93.53,933.67,28.0,4.47,64.25,17.8,68.0,2.5,1012.9,0.0,0.0,Friday,October
2025-10-25 00:00:00,157.8,95.34,907.79,24.98,4.49,64.96,17.8,70.0,0.6,1012.8,0.0,0.0,Saturday,October
2025-10-25 01:00:00,159.15,96.66,862.16,20.65,4.48,68.37,16.6,74.0,3.1,1012.3,0.0,0.0,Saturday,October
2025-10-25 02:00:00,160.93,98.12,819.06,16.77,4.44,72.16,16.2,73.0,2.5,1012.0,0.0,0.0,Saturday,October
2025-10-25 03:00:00,161.01,98.2,777.65,13.8,4.2,73.61,15.5,74.0,3.9,1011.7,0.0,0.0,Saturday,October
2025-10-25 04:00:00,161.7,98.66,747.27,11.66,3.97,74.34,15.3,73.0,3.0,1011.7,0.0,0.0,Saturday,October
2025-10-25 05:00:00,163.21,100.06,728.93,10.35,3.79,73.58,15.9,75.0,0.5,1012.0,0.0,0.0,Saturday,October
2025-10-25 06:00:00,164.51,101.22,726.12,9.78,3.08,67.9,15.5,77.0,0.6,1012.6,0.0,0.0,Saturday,October
2025-10-25 07:00:00,166.67,102.29,755.19,11.13,2.64,60.37,15.8,78.0,1.4,1013.3,0.0,0.0,Saturday,October
2025-10-25 08:00:00,169.52,103.44,815.8,13.9,2.56,54.61,17.8,69.0,3.5,1014.1,0.0,0.0,Saturday,October
2025-10-25 09:00:00,170.51,103.3,844.59,13.36,2.64,60.32,20.7,57.0,2.0,1014.4,0.0,0.0,Saturday,October
2025-10-25 10:00:00,168.64,102.36,838.59,11.92,2.68,71.05,23.4,49.0,1.0,1014.5,0.0,0.0,Saturday,October
2025-10-25 11:00:00,168.42,103.05,815.63,10.11,2.87,93.31,25.6,45.0,1.3,1014.0,0.0,0.0,Saturday,October
2025-10-25 12:00:00,144.49,76.47,442.63,2.76,6.71,150.02,27.5,41.0,3.3,1013.3,0.0,0.0,Saturday,October
2025-10-25 13:00:00,133.06,69.07,368.29,1.72,6.88,156.17,28.4,37.0,4.8,1012.6,0.0,0.0,Saturday,October
2025-10-25 14:00:00,129.48,66.95,340.94,1.57,6.75,156.92,28.8,34.0,4.6,1011.7,0.0,0.0,Saturday,October
2025-10-25 15:00:00,129.21,67.76,358.11,3.37,6.23,146.54,28.7,33.0,4.3,1011.4,0.0,0.0,Saturday,October
2025-10-25 16:00:00,130.42,70.08,415.01,7.2,5.4,127.89,27.6,47.0,2.5,1011.3,0.0,0.0,Saturday,October
2025-10-25 17:00:00,132.62,71.87,484.36,12.32,4.78,110.78,25.5,56.0,1.5,1011.0,0.0,0.0,Saturday,October
2025-10-25 18:00:00,135.48,73.63,563.17,17.28,4.68,97.94,23.3,61.0,1.6,1011.5,0.0,2.0,Saturday,October
2025-10-25 19:00:00,140.03,76.33,631.48,20.71,4.98,91.29,21.0,71.0,4.4,1012.0,0.0,0.0,Saturday,October
2025-10-25 20:00:00,147.04,81.32,679.46,22.0,5.27,86.84,19.9,74.0,5.2,1012.1,0.0,0.0,Saturday,October
2025-10-25 21:00:00,152.91,85.71,708.34,21.76,5.61,83.58,19.7,71.0,1.4,1012.6,0.0,0.0,Saturday,October
2025-10-25 22:00:00,160.23,90.54,733.77,21.02,6.03,82.8,18.9,72.0,0.4,1013.2,0.0,0.0,Saturday,October
2025-10-25 23:00:00,166.43,94.62,743.93,19.77,6.24,82.09,17.8,80.0,0.9,1013.2,0.0,0.0,Saturday,October
2025-10-26 00:00:00,169.39,96.53,720.91,17.26,6.01,81.86,17.3,81.0,2.4,1013.3,0.0,0.0,Sunday,October
2025-10-26 01:00:00,176.47,101.53,682.22,12.65,7.0,93.56,16.6,82.0,4.0,1013.2,0.0,0.0,Sunday,October
2025-10-26 02:00:00,180.43,104.18,661.41,10.45,7.16,97.41,16.7,78.0,3.4,1013.1,0.0,0.0,Sunday,October
2025-10-26 03:00:00,184.58,106.72,649.28,8.96,7.1,98.09,16.6,75.0,2.7,1013.0,0.0,0.0,Sunday,October
2025-10-26 04:00:00,190.24,110.67,655.25,8.24,7.14,98.1,16.3,74.0,2.2,1012.9,0.0,0.0,Sunday,October
2025-10-26 05:00:00,196.03,115.23,675.85,8.23,7.19,96.25,15.7,75.0,2.0,1013.2,0.0,0.0,Sunday,October
2025-10-26 06:00:00,200.71,119.55,705.17,8.99,7.1,91.2,15.2,76.0,1.6,1013.6,0.0,0.0,Sunday,October
2025-10-26 07:00:00,206.94,124.07,758.51,11.34,6.86,82.28,15.5,76.0,1.8,1014.3,0.0,0.0,Sunday,October
2025-10-26 08:00:00,212.79,127.68,831.8,14.73,6.21,70.36,17.7,66.0,3.4,1015.1,0.0,0.0,Sunday,October
2025-10-26 09:00:00,213.52,127.41,866.62,13.62,4.77,65.26,20.5,58.0,2.4,1015.5,0.0,0.0,Sunday,October
2025-10-26 10:00:00,209.3,126.94,886.13,11.76,3.91,69.43,22.9,48.0,2.8,1015.4,0.0,0.0,Sunday,October
2025-10-26 11:00:00,207.19,127.84,884.03,9.85,3.68,88.89,25.2,41.0,2.3,1014.9,0.0,0.0,Sunday,October
2025-10-26 12:00:00,176.29,81.13,400.64,1.84,8.96,151.44,26.9,36.0,3.1,1014.0,0.0,0.0,Sunday,October
2025-10-26 13:00:00,167.63,75.47,324.15,1.05,8.59,153.85,27.9,33.0,4.2,1013.0,0.0,2.0,Sunday,October
2025-10-26 14:00:00,162.93,73.93,308.41,1.06,8.29,153.77,28.3,32.0,4.8,1012.2,0.0,2.0,Sunday,October
2025-10-26 15:00:00,160.41,75.37,336.96,2.97,7.39,141.79,28.1,32.0,5.5,1011.6,0.0,16.0,Sunday,October
2025-10-26 16:00:00,158.77,77.43,396.55,6.65,6.1,123.12,27.1,41.0,3.7,1011.4,0.0,21.0,Sunday,October
2025-10-26 17:00:00,158.76,79.17,467.17,11.42,5.37,107.92,25.5,52.0,0.3,1011.6,0.0,34.0,Sunday,October
2025-10-26 18:00:00,159.79,80.89,542.68,16.01,5.35,97.56,23.0,59.0,3.0,1012.3,0.0,38.0,Sunday,October
2025-10-26 19:00:00,163.21,84.18,604.52,18.82,5.56,90.84,21.4,65.0,5.4,1012.7,0.0,2.0,Sunday,October
2025-10-26 20:00:00,169.89,89.52,646.82,19.53,5.78,86.44,20.4,68.0,5.5,1013.2,0.0,1.0,Sunday,October
2025-10-26 21:00:00,174.75,93.54,667.71,18.85,6.12,84.28,19.5,70.0,3.3,1013.2,0.0,0.0,Sunday,October
2025-10-26 22:00:00,180.94,98.17,689.07,18.09,6.65,85.45,18.5,70.0,1.9,1013.7,0.0,0.0,Sunday,October
2025-10-26 23:00:00,187.07,103.13,709.1,17.68,7.06,86.61,18.0,70.0,1.3,1013.6,0.0,0.0,Sunday,October
2025-10-27 00:00:00,191.13,107.41,718.84,17.03,7.2,86.81,17.3,74.0,2.7,1013.4,0.0,0.0,Monday,October
2025-10-27 01:00:00,196.29,112.45,732.09,16.13,7.28,86.28,16.7,76.0,4.3,1013.2,0.0,0.0,Monday,October
2025-10-27 02:00:00,201.85,117.95,753.37,15.27,7.22,84.03,16.3,77.0,4.7,1013.0,0.0,0.0,Monday,October
2025-10-27 03:00:00,206.1,122.5,772.35,14.49,7.03,80.26,15.9,77.0,5.3,1013.0,0.0,0.0,Monday,October
2025-10-27 04:00:00,210.92,126.89,790.74,13.85,6.96,77.79,15.9,76.0,3.5,1012.9,0.0,0.0,Monday,October
2025-10-27 05:00:00,215.24,130.55,806.72,13.47,6.97,75.99,15.5,76.0,2.5,1013.1,0.0,0.0,Monday,October
2025-10-27 06:00:00,219.29,133.4,825.43,13.71,6.99,73.43,15.2,76.0,2.1,1013.6,0.0,0.0,Monday,October
2025-10-27 07:00:00,225.92,136.6,868.49,15.94,7.04,68.39,15.5,74.0,2.4,1014.1,0.0,0.0,Monday,October
2025-10-27 08:00:00,233.08,139.73,944.41,19.68,6.7,60.13,17.6,65.0,3.9,1014.9,0.0,0.0,Monday,October
2025-10-27 09:00:00,234.32,138.61,968.07,17.07,5.32,60.45,20.8,56.0,1.6,1015.5,0.0,0.0,Monday,October
2025-10-27 10:00:00,229.77,136.66,956.91,14.06,4.56,67.79,23.5,46.0,0.8,1015.8,0.0,0.0,Monday,October
2025-10-27 11:00:00,226.94,136.15,921.01,11.84,4.42,87.01,25.3,39.0,1.0,1015.8,0.0,0.0,Monday,October
2025-10-27 12:00:00,192.06,86.27,390.9,2.14,9.67,150.47,26.6,38.0,4.2,1015.1,0.0,1.0,Monday,October
2025-10-27 13:00:00,180.55,79.77,317.34,1.13,9.21,152.86,27.3,37.0,5.2,1014.0,0.0,4.0,Monday,October
2025-10-27 14:00:00,174.37,77.71,301.55,1.09,8.76,151.58,27.6,35.0,6.0,1012.9,0.0,9.0,Monday,October
2025-10-27 15:00:00,173.02,78.94,327.08,2.87,8.07,143.24,27.4,36.0,6.7,1012.5,0.0,2.0,Monday,October
2025-10-27 16:00:00,173.51,81.12,386.84,6.77,7.08,126.94,26.2,44.0,5.6,1012.3,0.0,3.0,Monday,October
2025-10-27 17:00:00,175.44,83.13,458.04,11.72,6.37,113.22,24.4,50.0,7.8,1012.2,0.0,1.0,Monday,October
2025-10-27 18:00:00,177.6,85.21,542.18,16.79,6.02,99.4,22.4,57.0,7.3,1012.5,0.0,0.0,Monday,October
2025-10-27 19:00:00,181.86,88.42,619.99,20.74,6.14,89.19,21.2,62.0,5.8,1013.0,0.0,0.0,Monday,October
2025-10-27 20:00:00,189.06,93.58,675.54,22.3,6.38,83.19,19.9,68.0,5.2,1013.5,0.0,0.0,Monday,October
2025-10-27 21:00:00,195.48,98.17,708.25,22.09,6.81,80.43,18.8,70.0,4.0,1014.2,0.0,0.0,Monday,October
2025-10-27 22:00:00,203.87,103.84,740.69,21.73,7.36,80.29,17.7,74.0,3.4,1014.5,0.0,0.0,Monday,October
2025-10-27 23:00:00,211.38,109.13,770.83,21.52,7.75,79.77,17.7,71.0,1.5,1014.6,0.0,0.0,Monday,October
2025-10-28 00:00:00,215.65,113.37,780.25,20.67,7.88,78.99,16.7,77.0,3.8,1014.9,0.0,0.0,Tuesday,October
2025-10-28 01:00:00,220.18,117.91,786.58,19.21,7.98,78.92,15.9,80.0,4.3,1014.9,0.0,0.0,Tuesday,October
2025-10-28 02:00:00,225.31,122.72,795.34,17.67,8.1,78.56,15.7,77.0,5.4,1015.1,0.0,0.0,Tuesday,October
2025-10-28 03:00:00,228.89,126.12,798.32,16.23,7.86,75.59,16.0,71.0,5.1,1015.4,0.0,0.0,Tuesday,October
2025-10-28 04:00:00,232.47,129.39,806.63,15.28,7.53,72.1,16.0,68.0,4.0,1015.2,0.0,0.0,Tuesday,October
2025-10-28 05:00:00,230.88,125.7,788.05,14.67,6.44,64.35,15.7,69.0,4.1,1015.4,0.0,0.0,Tuesday,October
2025-10-28 06:00:00,233.28,127.76,807.6,15.13,6.08,59.68,14.9,72.0,5.1,1015.9,0.0,0.0,Tuesday,October
2025-10-28 07:00:00,237.72,130.23,866.2,18.07,5.74,52.78,15.2,71.0,6.5,1016.5,0.0,0.0,Tuesday,October
2025-10-28 08:00:00,243.07,132.6,956.54,22.63,5.63,46.37,17.5,65.0,7.1,1017.1,0.0,0.0,Tuesday,October
2025-10-28 09:00:00,244.2,131.93,986.46,20.06,5.05,52.36,20.6,57.0,4.8,1017.3,0.0,0.0,Tuesday,October
2025-10-28 10:00:00,238.07,129.66,987.76,17.2,4.47,61.74,23.6,47.0,2.8,1017.1,0.0,0.0,Tuesday,October
2025-10-28 11:00:00,233.03,127.93,978.56,15.61,4.42,80.61,25.4,46.0,1.5,1016.5,0.0,0.0,Tuesday,October
2025-10-28 12:00:00,195.79,88.82,416.01,2.81,9.17,144.57,26.7,44.0,4.6,1015.3,0.0,0.0,Tuesday,October
2025-10-28 13:00:00,170.23,78.27,327.42,1.33,7.68,148.15,27.4,39.0,6.2,1014.2,0.0,0.0,Tuesday,October
2025-10-28 14:00:00,159.0,74.1,306.64,1.22,6.94,147.29,27.7,37.0,7.0,1013.2,0.0,0.0,Tuesday,October
2025-10-28 15:00:00,156.78,74.81,332.16,3.13,6.27,138.92,27.3,38.0,7.2,1013.0,0.0,0.0,Tuesday,October
2025-10-28 16:00:00,158.65,77.42,395.38,7.29,5.48,123.23,25.9,47.0,6.4,1013.0,0.0,0.0,Tuesday,October
2025-10-28 17:00:00,161.91,79.91,471.11,12.68,4.93,109.16,24.2,52.0,8.2,1012.5,0.0,0.0,Tuesday,October
2025-10-28 18:00:00,164.72,82.27,560.35,18.13,4.45,94.6,22.0,63.0,6.1,1013.0,0.0,1.0,Tuesday,October
2025-10-28 19:00:00,169.39,85.57,644.12,22.01,4.03,81.69,20.7,69.0,5.0,1013.5,0.0,0.0,Tuesday,October
2025-10-28 20:00:00,175.66,89.2,701.93,23.15,3.79,72.96,19.6,73.0,3.4,1013.9,0.0,0.0,Tuesday,October
2025-10-28 21:00:00,180.62,92.56,736.06,22.8,3.61,66.17,18.2,77.0,3.6,1014.5,0.0,0.0,Tuesday,October
2025-10-28 22:00:00,187.18,96.91,767.31,21.84,3.32,61.0,17.2,80.0,2.3,1014.7,0.0,0.0,Tuesday,October
2025-10-28 23:00:00,192.84,100.55,781.42,20.44,2.94,56.71,16.6,83.0,2.0,1015.0,0.0,0.0,Tuesday,October
2025-10-29 00:00:00,195.03,102.17,762.07,17.89,2.57,53.94,16.0,84.0,4.9,1015.1,0.0,0.0,Wednesday,October
2025-10-29 01:00:00,198.69,104.23,735.86,15.01,2.47,54.0,15.4,83.0,4.5,1015.0,0.0,0.0,Wednesday,October
2025-10-29 02:00:00,203.06,106.46,712.37,12.47,2.51,55.3,15.3,80.0,4.5,1015.0,0.0,0.0,Wednesday,October
2025-10-29 03:00:00,207.03,108.09,683.79,10.3,2.63,57.47,15.4,76.0,4.5,1015.0,0.0,0.0,Wednesday,October
2025-10-29 04:00:00,210.9,109.77,659.62,8.62,2.71,59.19,15.2,75.0,4.7,1014.8,0.0,0.0,Wednesday,October
2025-10-29 05:00:00,214.47,111.55,648.88,7.68,2.64,58.73,15.3,76.0,3.6,1015.0,0.0,0.0,Wednesday,October
2025-10-29 06:00:00,216.69,112.49,650.33,7.64,2.36,55.17,14.8,77.0,5.6,1015.2,0.0,0.0,Wednesday,October
2025-10-29 07:00:00,220.51,113.41,684.96,9.78,2.22,49.33,14.9,77.0,4.8,1015.3,0.0,0.0,Wednesday,October
2025-10-29 08:00:00,225.11,113.89,748.28,13.68,2.43,45.99,17.0,68.0,4.8,1015.7,0.0,0.0,Wednesday,October
2025-10-29 09:00:00,229.87,112.08,744.98,13.26,3.69,65.09,20.0,59.0,1.9,1016.1,0.0,0.0,Wednesday,October
2025-10-29 10:00:00,226.4,108.26,724.3,11.8,3.95,77.19,22.8,53.0,1.7,1015.7,0.0,0.0,Wednesday,October
2025-10-29 11:00:00,224.41,105.5,691.62,10.19,4.24,93.92,24.4,54.0,2.8,1015.3,0.0,0.0,Wednesday,October
2025-10-29 12:00:00,200.54,90.21,372.97,1.9,7.29,144.56,25.8,49.0,6.2,1014.3,0.0,0.0,Wednesday,October
2025-10-29 13:00:00,174.4,81.5,319.13,1.01,6.36,145.79,26.7,45.0,8.7,1013.0,0.0,0.0,Wednesday,October
2025-10-29 14:00:00,167.07,79.02,307.83,0.99,5.97,144.64,27.0,43.0,10.2,1011.9,0.0,0.0,Wednesday,October
2025-10-29 15:00:00,166.69,80.41,329.02,2.42,5.62,138.69,26.6,44.0,10.4,1011.3,0.0,0.0,Wednesday,October
2025-10-29 16:00:00,167.51,82.93,373.53,5.28,5.1,126.78,25.5,51.0,7.5,1011.0,0.0,0.0,Wednesday,October
2025-10-29 17:00:00,168.91,85.07,426.9,8.98,4.69,115.02,23.7,61.0,5.4,1011.0,0.0,0.0,Wednesday,October
2025-10-29 18:00:00,168.62,87.14,508.95,13.99,4.13,98.71,22.0,67.0,6.6,1011.3,0.0,0.0,Wednesday,October
2025-10-29 19:00:00,170.8,90.37,600.79,18.5,3.47,82.02,20.5,72.0,5.4,1011.5,0.0,0.0,Wednesday,October
2025-10-29 20:00:00,175.77,93.96,663.7,20.12,2.96,70.59,19.5,75.0,2.9,1012.0,0.0,0.0,Wednesday,October
2025-10-29 21:00:00,179.25,96.29,696.7,19.89,2.54,62.29,18.3,79.0,2.3,1012.6,0.0,0.0,Wednesday,October
2025-10-29 22:00:00,184.43,99.03,721.52,19.13,2.23,56.55,17.2,83.0,2.3,1012.8,0.0,0.0,Wednesday,October
2025-10-29 23:00:00,189.86,101.42,731.25,18.08,1.99,52.28,17.0,84.0,2.7,1013.2,0.0,0.0,Wednesday,October
2025-10-30 00:00:00,193.97,102.83,708.44,15.88,1.88,50.54,16.5,84.0,3.1,1013.2,0.0,0.0,Thursday,October
2025-10-30 01:00:00,199.55,104.88,677.43,13.28,1.96,52.02,15.9,84.0,2.7,1013.3,0.0,0.0,Thursday,October
2025-10-30 02:00:00,204.99,107.0,651.19,11.0,2.12,54.97,15.6,81.0,4.1,1013.2,0.0,0.0,Thursday,October
2025-10-30 03:00:00,209.76,108.95,625.5,9.19,2.43,59.07,15.5,78.0,4.2,1013.1,0.0,0.0,Thursday,October
2025-10-30 04:00:00,214.33,111.5,609.75,8.05,2.8,63.38,15.4,76.0,2.7,1012.8,0.0,0.0,Thursday,October
2025-10-30 05:00:00,217.25,113.68,607.78,7.65,2.96,64.7,16.3,75.0,0.7,1013.3,0.0,0.0,Thursday,October
2025-10-30 06:00:00,218.35,115.06,619.43,8.03,2.79,61.72,15.8,76.0,1.5,1013.8,0.0,0.0,Thursday,October
2025-10-30 07:00:00,221.13,116.45,665.26,10.49,2.74,55.92,15.6,77.0,2.7,1014.2,0.0,0.0,Thursday,October
2025-10-30 08:00:00,224.96,117.83,746.84,14.55,2.81,49.71,17.5,73.0,4.5,1014.8,0.0,0.0,Thursday,October
2025-10-30 09:00:00,225.5,116.11,789.95,13.94,2.75,51.52,20.3,66.0,1.6,1015.1,0.0,0.0,Thursday,October
2025-10-30 10:00:00,222.43,113.05,797.01,12.69,2.67,58.0,23.0,57.0,2.9,1015.1,0.0,0.0,Thursday,October
2025-10-30 11:00:00,220.85,111.85,780.27,11.69,2.83,75.46,25.4,49.0,4.7,1014.5,0.0,0.0,Thursday,October
2025-10-30 12:00:00,196.12,94.37,476.48,4.01,5.89,131.33,26.9,43.0,7.7,1013.4,0.0,0.0,Thursday,October
2025-10-30 13:00:00,174.97,85.68,400.49,2.29,5.64,143.21,27.4,38.0,9.7,1012.5,0.0,0.0,Thursday,October
2025-10-30 14:00:00,161.26,80.41,373.12,1.98,5.2,146.72,27.4,38.0,10.3,1011.7,0.0,0.0,Thursday,October
2025-10-30 15:00:00,152.89,78.19,380.91,3.39,4.82,143.17,26.9,40.0,10.2,1011.3,0.0,0.0,Thursday,October
2025-10-30 16:00:00,147.7,77.61,418.37,6.58,4.37,131.78,25.6,47.0,7.8,1011.1,0.0,0.0,Thursday,October
2025-10-30 17:00:00,144.13,76.89,466.02,10.96,4.05,118.56,23.2,54.0,7.7,1011.1,0.0,0.0,Thursday,October
2025-10-30 18:00:00,141.95,77.25,545.14,16.23,3.68,101.13,21.5,60.0,8.4,1011.2,0.0,0.0,Thursday,October
2025-10-30 19:00:00,144.12,79.66,631.33,20.47,3.31,85.11,20.1,67.0,6.1,1011.5,0.0,0.0,Thursday,October
2025-10-30 20:00:00,168.47,92.76,757.13,24.3,3.5,74.65,19.1,72.0,3.3,1011.3,0.0,0.0,Thursday,October
2025-10-30 21:00:00,171.06,94.57,771.28,22.93,3.2,67.42,17.7,76.0,3.6,1011.7,0.0,0.0,Thursday,October
2025-10-30 22:00:00,175.58,97.34,785.99,21.55,2.93,62.26,16.9,77.0,2.4,1012.0,0.0,0.0,Thursday,October
2025-10-30 23:00:00,179.63,99.88,786.25,20.18,2.69,58.64,16.5,75.0,4.0,1012.0,0.0,0.0,Thursday,October
2025-10-31 00:00:00,179.84,100.25,752.32,17.71,2.41,56.23,16.4,73.0,2.8,1012.0,0.0,0.0,Friday,October
2025-10-31 01:00:00,180.61,100.54,710.68,14.63,2.13,55.42,16.2,71.0,2.5,1012.2,0.0,0.0,Friday,October
2025-10-31 02:00:00,181.13,100.45,666.03,11.68,1.89,55.07,15.8,72.0,2.5,1012.2,0.0,0.0,Friday,October
2025-10-31 03:00:00,180.82,99.84,619.09,9.36,1.94,56.67,15.4,73.0,2.1,1012.1,0.0,0.0,Friday,October
2025-10-31 04:00:00,181.93,99.97,583.85,7.93,2.24,60.49,15.0,74.0,2.0,1012.0,0.0,0.0,Friday,October
2025-10-31 05:00:00,183.75,100.6,566.58,7.42,2.53,63.65,15.6,72.0,1.0,1012.3,0.0,0.0,Friday,October
2025-10-31 06:00:00,186.48,101.66,570.76,7.89,2.8,64.94,15.2,73.0,1.5,1012.6,0.0,0.0,Friday,October
2025-10-31 07:00:00,191.36,103.33,611.61,10.79,3.17,62.6,15.4,73.0,1.8,1013.0,0.0,0.0,Friday,October
2025-10-31 08:00:00,197.55,105.45,688.91,15.44,3.53,58.39,17.2,68.0,4.3,1013.3,0.0,0.0,Friday,October
2025-10-31 09:00:00,200.39,105.79,737.47,14.55,3.18,58.25,20.1,62.0,2.7,1013.5,0.0,0.0,Friday,October
2025-10-31 10:00:00,199.26,105.21,756.71,12.92,2.81,63.37,22.9,53.0,0.8,1013.2,0.0,0.0,Friday,October
2025-10-31 11:00:00,200.86,107.52,760.91,11.75,2.75,79.84,25.0,50.0,3.5,1012.9,0.0,0.0,Friday,October
2025-10-31 12:00:00,165.35,84.98,451.98,3.61,5.73,135.96,26.3,46.0,6.0,1011.8,0.0,0.0,Friday,October
2025-10-31 13:00:00,146.34,76.74,385.5,2.17,5.2,145.28,27.2,37.0,8.1,1010.7,0.0,0.0,Friday,October
2025-10-31 14:00:00,136.12,72.1,353.34,1.87,4.95,147.95,27.4,33.0,9.8,1009.8,0.0,0.0,Friday,October
2025-10-31 15:00:00,131.28,71.11,370.71,4.13,4.58,138.66,26.9,33.0,9.1,1009.4,0.0,0.0,Friday,October
2025-10-31 16:00:00,131.64,72.88,442.44,9.21,4.0,119.97,25.4,43.0,5.6,1009.2,0.0,0.0,Friday,October
2025-10-31 17:00:00,132.74,74.07,529.86,16.34,3.6,100.98,23.2,57.0,4.7,1009.0,0.0,0.0,Friday,October
2025-10-31 18:00:00,134.85,75.35,627.38,22.91,3.42,84.78,20.9,64.0,4.7,1009.5,0.0,0.0,Friday,October
2025-10-31 19:00:00,139.57,77.93,703.04,26.34,3.36,73.65,19.3,69.0,4.4,1010.0,0.0,0.0,Friday,October
2025-10-31 20:00:00,145.75,81.31,748.34,26.72,3.35,66.16,18.4,69.0,2.2,1010.5,0.0,0.0,Friday,October
2025-10-31 21:00:00,151.13,84.85,766.16,25.46,3.27,60.07,17.6,71.0,2.2,1011.2,0.0,0.0,Friday,October
2025-10-31 22:00:00,158.39,89.1,785.17,24.06,3.11,55.55,16.8,72.0,5.6,1011.6,0.0,0.0,Friday,October
2025-10-31 23:00:00,165.63,93.25,790.9,22.3,2.9,52.32,17.0,70.0,3.1,1011.7,0.0,0.0,Friday,October
2025-11-01 00:00:00,170.46,96.04,758.71,19.3,2.71,51.49,16.9,69.0,0.5,1011.5,0.0,0.0,Saturday,November
2025-11-01 01:00:00,175.84,98.82,715.85,15.7,2.74,53.89,16.2,72.0,3.3,1011.5,0.0,0.0,Saturday,November
2025-11-01 02:00:00,181.52,101.61,674.89,12.54,2.85,57.38,15.5,74.0,4.1,1011.4,0.0,0.0,Saturday,November
2025-11-01 03:00:00,186.89,104.17,637.02,10.1,3.07,61.79,15.3,74.0,2.2,1011.4,0.0,0.0,Saturday,November
2025-11-01 04:00:00,192.75,107.15,610.49,8.4,3.36,66.39,15.1,75.0,1.3,1011.4,0.0,0.0,Saturday,November
2025-11-01 05:00:00,198.37,110.19,600.61,7.57,3.58,69.09,14.6,78.0,2.9,1011.6,0.0,0.0,Saturday,November
2025-11-01 06:00:00,203.34,112.85,606.83,7.68,3.7,68.72,14.3,81.0,3.2,1011.9,0.0,0.0,Saturday,November
2025-11-01 07:00:00,208.94,115.65,641.59,9.58,3.76,65.24,14.8,81.0,2.0,1012.4,0.0,0.0,Saturday,November
2025-11-01 08:00:00,214.32,118.2,704.73,13.25,3.92,60.71,16.9,76.0,3.4,1013.2,0.0,0.0,Saturday,November
2025-11-01 09:00:00,216.77,118.93,750.48,13.43,3.53,58.04,20.0,68.0,1.1,1013.6,0.0,0.0,Saturday,November
2025-11-01 10:00:00,217.6,119.09,773.75,11.84,2.95,61.1,22.5,61.0,2.1,1013.8,0.0,0.0,Saturday,November
2025-11-01 11:00:00,220.98,121.33,778.71,10.59,2.9,75.54,24.6,55.0,4.4,1013.1,0.0,0.0,Saturday,November
2025-11-01 12:00:00,202.95,106.04,474.93,2.91,10.83,149.68,26.2,49.0,5.9,1012.1,0.0,0.0,Saturday,November
2025-11-01 13:00:00,185.74,97.9,418.11,1.75,11.03,158.21,27.1,43.0,6.7,1011.1,0.0,0.0,Saturday,November
2025-11-01 14:00:00,176.36,94.05,393.2,1.53,10.91,159.61,27.5,38.0,7.0,1010.3,0.0,0.0,Saturday,November
2025-11-01 15:00:00,170.61,93.33,403.42,2.91,10.17,150.95,27.2,37.0,6.4,1009.9,0.0,0.0,Saturday,November
2025-11-01 16:00:00,168.86,94.33,448.43,6.06,8.58,133.69,25.9,48.0,4.5,1010.0,0.0,0.0,Saturday,November
2025-11-01 17:00:00,169.62,95.32,505.6,10.25,7.41,118.9,23.1,55.0,5.8,1010.2,0.0,0.0,Saturday,November
2025-11-01 18:00:00,171.41,96.5,570.53,14.09,6.45,105.62,20.9,64.0,6.0,1010.7,0.0,0.0,Saturday,November
2025-11-01 19:00:00,175.47,99.07,626.65,16.06,5.46,94.08,19.7,71.0,5.1,1011.3,0.0,0.0,Saturday,November
2025-11-01 20:00:00,180.82,102.38,661.45,15.93,4.64,85.12,18.3,76.0,4.8,1011.7,0.0,0.0,Saturday,November
2025-11-01 21:00:00,185.02,105.32,676.27,14.88,4.17,77.98,17.3,78.0,4.2,1012.2,0.0,0.0,Saturday,November
2025-11-01 22:00:00,191.54,108.95,694.0,14.21,4.25,74.56,16.8,76.0,3.4,1012.3,0.0,0.0,Saturday,November
2025-11-01 23:00:00,197.56,112.13,704.53,13.72,4.52,73.12,16.5,72.0,1.5,1012.5,0.0,0.0,Saturday,November
2025-11-02 00:00:00,217.06,120.93,610.72,7.01,6.34,80.86,17.0,70.0,1.5,1012.1,0.0,0.0,Sunday,November
2025-11-02 01:00:00,220.02,123.02,623.84,7.36,5.98,76.27,16.2,72.0,1.3,1012.1,0.0,0.0,Sunday,November
2025-11-02 02:00:00,225.12,125.82,662.66,9.14,5.45,68.76,15.5,76.0,1.4,1011.9,0.0,0.0,Sunday,November
2025-11-02 03:00:00,231.6,128.74,723.82,12.14,4.87,60.38,15.2,76.0,0.8,1011.5,0.0,0.0,Sunday,November
2025-11-02 04:00:00,235.64,129.57,759.56,11.95,4.02,57.61,15.0,76.0,0.5,1011.1,0.0,0.0,Sunday,November
2025-11-02 05:00:00,237.01,129.23,772.0,10.51,3.54,61.52,15.3,78.0,1.5,1011.2,0.0,0.0,Sunday,November
2025-11-02 06:00:00,239.94,129.72,763.63,9.27,3.74,76.95,14.9,79.0,1.2,1011.8,0.0,0.0,Sunday,November
2025-11-02 07:00:00,231.8,110.45,464.83,2.33,12.11,148.17,14.1,82.0,3.4,1012.2,0.0,0.0,Sunday,November
2025-11-02 08:00:00,224.48,106.04,423.14,1.51,12.46,154.75,16.2,74.0,4.0,1013.1,0.0,0.0,Sunday,November
2025-11-02 09:00:00,223.79,106.06,413.43,1.47,12.34,156.45,19.2,67.0,1.8,1013.4,0.0,0.0,Sunday,November
2025-11-02 10:00:00,223.14,108.89,445.14,3.39,11.1,145.52,22.3,59.0,2.2,1013.1,0.0,0.0,Sunday,November
2025-11-02 11:00:00,221.02,111.87,508.47,7.27,9.09,126.52,24.7,51.0,4.0,1012.3,0.0,0.0,Sunday,November
2025-11-02 12:00:00,220.74,114.06,583.55,12.52,7.69,110.51,26.4,43.0,7.0,1011.2,0.0,0.0,Sunday,November
2025-11-02 13:00:00,221.44,116.01,664.44,17.41,7.28,99.41,27.1,37.0,9.5,1010.2,0.0,0.0,Sunday,November
2025-11-02 14:00:00,226.95,120.6,732.89,20.52,7.41,93.67,27.0,37.0,10.0,1009.4,0.0,0.0,Sunday,November
2025-11-02 15:00:00,234.54,126.35,782.68,21.32,7.53,89.55,26.6,40.0,8.9,1009.4,0.0,0.0,Sunday,November
2025-11-02 16:00:00,,,,,,,,,,,,,Sunday,November
2025-11-02 17:00:00,243.58,134.11,833.49,19.95,8.44,88.17,22.6,60.0,5.6,1009.7,0.0,0.0,Sunday,November
2025-11-02 18:00:00,251.57,139.89,859.91,19.64,8.79,86.63,20.8,67.0,5.0,1010.3,0.0,0.0,Sunday,November
2025-11-02 19:00:00,256.15,143.79,856.81,18.12,8.6,84.83,19.9,68.0,2.6,1010.8,0.0,0.0,Sunday,November
2025-11-02 20:00:00,260.74,147.43,849.23,16.15,8.48,84.71,,,,,,,Sunday,November
2025-11-02 21:00:00,,,,,,,17.1,75.0,4.6,1012.0,0.0,0.0,Sunday,November
2025-11-02 22:00:00,267.66,153.5,849.43,12.86,8.06,82.29,16.3,75.0,4.3,1012.1,0.0,0.0,Sunday,November
2025-11-02 23:00:00,271.07,156.86,855.53,11.76,7.83,80.44,16.4,72.0,2.3,1012.4,0.0,0.0,Sunday,November
2025-11-03 00:00:00,273.92,159.83,862.58,11.09,7.63,78.49,15.8,74.0,4.5,1012.0,0.0,0.0,Monday,November
2025-11-03 01:00:00,274.8,161.14,871.21,11.12,7.26,74.32,15.0,75.0,4.5,1011.5,0.0,0.0,Monday,November
2025-11-03 02:00:00,279.11,163.22,912.78,13.42,6.99,68.25,14.7,72.0,4.2,1010.8,0.0,0.0,Monday,November
2025-11-03 03:00:00,285.09,165.26,985.01,18.07,6.83,61.72,14.8,68.0,3.4,1010.4,0.0,0.0,Monday,November
2025-11-03 04:00:00,286.9,164.45,1031.35,18.56,6.3,61.77,14.7,67.0,2.1,1009.9,0.0,0.0,Monday,November
2025-11-03 05:00:00,284.82,162.55,1028.74,16.01,5.22,68.86,14.0,70.0,2.5,1010.1,0.0,0.0,Monday,November
2025-11-03 06:00:00,283.94,163.05,1008.03,13.83,4.65,86.41,13.6,68.0,2.5,1010.2,0.0,0.0,Monday,November
2025-11-03 07:00:00,251.73,128.07,573.33,3.73,11.45,151.0,13.2,68.0,4.5,1010.5,0.0,0.0,Monday,November
2025-11-03 08:00:00,235.48,118.33,498.83,2.24,12.29,161.47,,,,,,,Monday,November
2025-11-03 09:00:00,226.4,114.28,478.26,2.06,12.31,165.42,,,,,,,Monday,November
2025-11-03 10:00:00,,,,,,,21.8,50.0,3.8,1010.7,0.0,0.0,Monday,November
2025-11-03 11:00:00,220.93,119.43,606.58,10.01,8.59,130.88,24.5,43.0,6.5,1010.4,0.0,0.0,Monday,November
2025-11-03 12:00:00,221.95,122.1,707.96,17.05,7.32,111.72,25.8,38.0,7.5,1009.3,0.0,0.0,Monday,November
2025-11-03 13:00:00,225.14,125.42,815.09,22.97,6.99,97.1,26.5,34.0,8.0,1008.2,0.0,0.0,Monday,November
2025-11-03 14:00:00,232.96,131.72,905.7,26.07,6.57,85.79,26.4,34.0,8.5,1007.2,0.0,0.0,Monday,November
2025-11-03 15:00:00,242.08,138.62,975.6,26.62,6.12,77.26,25.9,37.0,6.7,1006.6,0.0,0.0,Monday,November
2025-11-03 16:00:00,247.51,143.67,1016.59,25.14,5.47,69.35,24.3,53.0,3.8,1006.3,0.0,0.0,Monday,November
2025-11-03 17:00:00,255.22,150.41,1072.69,24.29,4.59,60.9,22.0,57.0,2.3,1006.2,0.0,0.0,Monday,November
2025-11-03 18:00:00,261.66,156.66,1121.88,23.48,3.58,52.97,19.9,63.0,2.3,1006.5,0.0,0.0,Monday,November
2025-11-03 19:00:00,262.83,160.39,1137.74,21.59,2.56,46.7,18.8,67.0,3.5,1007.1,0.0,0.0,Monday,November
2025-11-03 20:00:00,263.07,164.28,1142.07,18.59,1.98,44.16,17.8,69.0,6.0,1007.4,0.0,0.0,Monday,November
2025-11-03 21:00:00,264.23,169.26,1137.83,15.18,2.0,46.83,16.3,72.0,6.0,1008.1,0.0,0.0,Monday,November
2025-11-03 22:00:00,272.9,178.21,1101.85,10.61,3.95,67.27,15.6,72.0,6.2,1008.8,0.0,0.0,Monday,November
2025-11-03 23:00:00,277.92,186.84,1103.69,8.2,4.67,76.56,15.3,73.0,6.0,1009.0,0.0,0.0,Monday,November
2025-11-04 00:00:00,283.15,195.27,1109.72,6.69,5.66,84.63,,,,,,,Tuesday,November
